{"episodes": 30, "mean": 12095.833333333334, "median": 11450.0, "stdev": 2280.332735601862, "max": 15225.0, "min": 8150.0}
