{"episodes": 30, "mean": 14276.666666666666, "median": 15037.5, "stdev": 2828.5866256578697, "max": 15575.0, "min": 4050.0}
