{"episodes": 30, "mean": 365.3333333333333, "median": 345.0, "stdev": 130.1387411727307, "max": 970.0, "min": 250.0}
