{"episodes": 30, "mean": 3673.3333333333335, "median": 4150.0, "stdev": 2906.939774156787, "max": 12000.0, "min": 500.0}
