{"episodes": 30, "mean": 20.466666666666665, "median": 21.0, "stdev": 0.8193072487266861, "max": 21.0, "min": 18.0}
