{"episodes": 30, "mean": 19.766666666666666, "median": 20.0, "stdev": 0.9714309861845772, "max": 21.0, "min": 17.0}
