{"episodes": 30, "mean": 6413.333333333333, "median": 6162.5, "stdev": 2624.9937055206415, "max": 12050.0, "min": 675.0}
