{"episodes": 30, "mean": 2393.6666666666665, "median": 2235.0, "stdev": 628.6355412145904, "max": 3960.0, "min": 1580.0}
