{"episodes": 30, "mean": 16.333333333333332, "median": 17.0, "stdev": 2.70801280154532, "max": 21.0, "min": 10.0}
