{"episodes": 30, "mean": 20.533333333333335, "median": 21.0, "stdev": 0.6814453874610599, "max": 21.0, "min": 19.0}
