{"episodes": 30, "mean": 20048.333333333332, "median": 20475.0, "stdev": 1749.6070166307854, "max": 20725.0, "min": 13590.0}
