{"episodes": 30, "mean": 20.966666666666665, "median": 21.0, "stdev": 0.18257418583505536, "max": 21.0, "min": 20.0}
