{"episodes": 30, "mean": 1498.3333333333333, "median": 1475.0, "stdev": 536.9459186363464, "max": 3040.0, "min": 800.0}
