{"episodes": 30, "mean": 3673.3333333333335, "median": 4150.0, "stdev": 2337.3922004769706, "max": 8300.0, "min": 600.0}
