{"episodes": 30, "mean": 1966.3333333333333, "median": 1865.0, "stdev": 531.8898209302331, "max": 3530.0, "min": 1240.0}
