{"episodes": 30, "mean": 20.933333333333334, "median": 21.0, "stdev": 0.3651483716701107, "max": 21.0, "min": 19.0}
