{"episodes": 30, "mean": 13596.666666666666, "median": 13837.5, "stdev": 2088.636468811788, "max": 15825.0, "min": 8475.0}
