{"episodes": 30, "mean": 11.766666666666667, "median": 13.0, "stdev": 4.910813777167995, "max": 18.0, "min": -3.0}
