{"episodes": 30, "mean": 9779.833333333334, "median": 10385.0, "stdev": 2454.523790927659, "max": 12490.0, "min": 6315.0}
