{"episodes": 30, "mean": 312.6666666666667, "median": 290.0, "stdev": 200.63577109697601, "max": 980.0, "min": 110.0}
