{"episodes": 30, "mean": 5726.666666666667, "median": 4750.0, "stdev": 2221.048732302911, "max": 8200.0, "min": 600.0}
