{"episodes": 30, "mean": 9243.333333333334, "median": 8150.0, "stdev": 3306.5826022870087, "max": 15500.0, "min": 4100.0}
