{"episodes": 30, "mean": 7903.333333333333, "median": 7540.0, "stdev": 2362.141902557103, "max": 13065.0, "min": 1705.0}
