{"episodes": 30, "mean": 12006.666666666666, "median": 15037.5, "stdev": 4614.038423627684, "max": 15325.0, "min": 4075.0}
