{"episodes": 30, "mean": 2126.6666666666665, "median": 2265.0, "stdev": 509.04463142401295, "max": 2860.0, "min": 1170.0}
