{"episodes": 30, "mean": 8358.166666666666, "median": 7130.0, "stdev": 1792.9288710882004, "max": 10830.0, "min": 6745.0}
